CREATE TABLE Suppliers (
	mcode INTEGER GENERATED ALWAYS AS IDENTITY PRIMARY KEY,
	title VARCHAR2(50) NOT NULL UNIQUE,
	city VARCHAR2(30) NOT NULL,
	tnumber VARCHAR2(15) NOT NULL UNIQUE);

CREATE TABLE Classification (
	 towork VARCHAR2(20) PRIMARY KEY);

CREATE TABLE Clients(
	pnumber VARCHAR2(30) PRIMARY KEY,
	fname VARCHAR2(20) NOT NULL,
	lname VARCHAR2(20) NOT NULL,
	tnumber VARCHAR2(15) NOT NULL UNIQUE);
    
CREATE TABLE Technics (
	snumber INTEGER GENERATED ALWAYS AS IDENTITY PRIMARY KEY,
	title VARCHAR2(20) NOT NULL UNIQUE,
	towork VARCHAR2(20),
	mcode INTEGER,
	ready CHAR(1) CHECK (ready IN('y','n')),
	rdate DATE NOT NULL,
	CONSTRAINT towork_reference_classification FOREIGN KEY (towork) REFERENCES Classification ON DELETE CASCADE,
    CONSTRAINT mcode_reference_suppliers FOREIGN KEY (mcode) REFERENCES Suppliers ON DELETE CASCADE);

CREATE TABLE Works (
	wcode INTEGER GENERATED ALWAYS AS IDENTITY PRIMARY KEY,
	wname VARCHAR2(20) NOT NULL UNIQUE,
	towork VARCHAR2(20),
	CONSTRAINT towork_reference_works FOREIGN KEY (towork) REFERENCES Classification ON DELETE CASCADE);
    
CREATE TABLE Provision (
	pcode INTEGER  GENERATED ALWAYS AS IDENTITY PRIMARY KEY,
	wcode INTEGER,
	pnumber VARCHAR2(30),
	snumber INTEGER,
    rdate DATE NOT NULL,
	CONSTRAINT wcode_reference_provision FOREIGN KEY (wcode) REFERENCES Works ON DELETE CASCADE,
	CONSTRAINT pnumber_reference_provision FOREIGN KEY (pnumber) REFERENCES Clients ON DELETE CASCADE,
	CONSTRAINT snumber_reference_provision FOREIGN KEY (snumber) REFERENCES Technics ON DELETE CASCADE);

-- short table names using synonyms
CREATE PUBLIC SYNONYM sup FOR Suppliers;    
CREATE PUBLIC SYNONYM cls FOR Classification;
CREATE PUBLIC SYNONYM clt FOR Clients;
CREATE PUBLIC SYNONYM tch FOR Technics;
CREATE PUBLIC SYNONYM wrk FOR Works;
CREATE PUBLIC SYNONYM prv FOR Provision;

-- index for future request
CREATE INDEX rdy ON Technics(ready);

-- inserting data
insert into Suppliers (title, city, tnumber) values ('Pingtan Marine Enterprise Ltd.', 'Kuala Lumpur', '807-997-5820');
insert into Suppliers (title, city, tnumber) values ('Star Bulk Carriers Corp.', 'Calebasses', '174-830-5982');
insert into Suppliers (title, city, tnumber) values ('QTS Realty Trust, Inc.', 'Santa Magdalena', '573-359-4032');
insert into Suppliers (title, city, tnumber) values ('Alkermes plc', 'Quinta do Sobrado', '893-509-3121');
insert into Suppliers (title, city, tnumber) values ('Semtech Corporation', 'Perelhal', '329-945-8522');
insert into Suppliers (title, city, tnumber) values ('RAIT Financial Trust', 'Nanning', '164-129-5023');
insert into Suppliers (title, city, tnumber) values ('Primero Mining Corp', 'Firenze', '413-598-8355');
insert into Suppliers (title, city, tnumber) values ('WNS (Holdings) Limited', 'Daze', '647-126-1418');
insert into Suppliers (title, city, tnumber) values ('Haemonetics Corporation', 'Taiping', '356-705-3164');
insert into Suppliers (title, city, tnumber) values ('Jack In The Box Inc.', 'Batu', '956-876-3054');
insert into Suppliers (title, city, tnumber) values ('Deutsche Bank AG', 'Mahābād', '428-645-8873');
insert into Suppliers (title, city, tnumber) values ('Kingsway Financial Services, Inc.', 'Gamut', '713-724-1886');
insert into Suppliers (title, city, tnumber) values ('Aerohive Networks, Inc.', 'Ḩalwān', '468-937-6206');
insert into Suppliers (title, city, tnumber) values ('Primo Water Corporation', 'Magallanes', '278-578-4580');
insert into Suppliers (title, city, tnumber) values ('Blackrock MuniYield Investment Fund', 'Pavlovskaya', '317-756-5089');
insert into Suppliers (title, city, tnumber) values ('Capital Southwest Corporation', 'Żarki-Letnisko', '277-409-4265');
insert into Suppliers (title, city, tnumber) values ('KKR Financial Holdings LLC', 'Charata', '557-595-9967');
insert into Suppliers (title, city, tnumber) values ('Ameresco, Inc.', 'Yanglin', '198-717-1450');
insert into Suppliers (title, city, tnumber) values ('TICC Capital Corp.', 'Estância Velha', '193-707-7687');
insert into Suppliers (title, city, tnumber) values ('Seattle Genetics, Inc.', 'Zhulan', '628-956-5718');
insert into Suppliers (title, city, tnumber) values ('G-III Apparel Group, LTD.', 'Buluangan', '302-815-8056');
insert into Suppliers (title, city, tnumber) values ('Advent/Claymore Enhanced Growth & Income Fund', 'Escada', '177-552-1494');
insert into Suppliers (title, city, tnumber) values ('Aberdeen Singapore Fund, Inc.', 'Seren Barat', '438-820-0173');
insert into Suppliers (title, city, tnumber) values ('CDK Global, Inc.', 'Bomadi', '117-563-0381');
insert into Suppliers (title, city, tnumber) values ('Cellectar Biosciences, Inc.', 'Wangjiahe', '247-809-0055');
insert into Suppliers (title, city, tnumber) values ('AutoNation, Inc.', 'Rifu', '279-947-4433');
insert into Suppliers (title, city, tnumber) values ('General Motors Company', 'Sangba', '447-900-5625');
insert into Suppliers (title, city, tnumber) values ('Enterprise Products Partners L.P.', 'San José de las Lajas', '412-933-9732');
insert into Suppliers (title, city, tnumber) values ('Global Water Resources, Inc.', 'Savelugu', '817-368-5510');
insert into Suppliers (title, city, tnumber) values ('SunTrust Banks, Inc.', 'Skiáthos', '150-575-5662');
insert into Suppliers (title, city, tnumber) values ('Scorpio Bulkers Inc.', 'Jinsha', '600-519-6146');
insert into Suppliers (title, city, tnumber) values ('CTS Corporation', 'Kadukaung', '801-364-0032');
insert into Suppliers (title, city, tnumber) values ('Resources Connection, Inc.', 'Pryazovs’ke', '650-466-8635');
insert into Suppliers (title, city, tnumber) values ('Odyssey Marine Exploration, Inc.', 'Quvasoy', '513-697-8113');
insert into Suppliers (title, city, tnumber) values ('Severn Bancorp Inc', 'Staffanstorp', '758-955-3801');
insert into Suppliers (title, city, tnumber) values ('ARCA biopharma, Inc.', 'Kuala Lumpur', '101-363-9359');
insert into Suppliers (title, city, tnumber) values ('ILG, Inc', 'Maia', '494-896-5803');
insert into Suppliers (title, city, tnumber) values ('Teekay LNG Partners L.P.', 'Tuqiao', '259-314-2737');
insert into Suppliers (title, city, tnumber) values ('Ottawa Bancorp, Inc.', 'Jiuheyuan', '890-953-0941');
insert into Suppliers (title, city, tnumber) values ('Steel Dynamics, Inc.', 'Rosario de Mora', '869-889-8653');
insert into Suppliers (title, city, tnumber) values ('BlueLinx Holdings Inc.', 'Boca Suno', '521-287-4126');
insert into Suppliers (title, city, tnumber) values ('Leading Brands Inc', 'Yushugou', '552-263-6423');
insert into Suppliers (title, city, tnumber) values ('Astoria Financial Corporation', 'Cordon', '566-995-0791');
insert into Suppliers (title, city, tnumber) values ('Lydall, Inc.', 'Monching', '743-538-3155');
insert into Suppliers (title, city, tnumber) values ('Brink''s Company (The)', 'Profítis Ilías', '410-131-8377');
insert into Suppliers (title, city, tnumber) values ('Randolph Bancorp, Inc.', 'Lyon', '507-886-0379');
insert into Suppliers (title, city, tnumber) values ('Public Storage', 'Naji', '871-258-2104');
insert into Suppliers (title, city, tnumber) values ('Arista Networks, Inc.', 'Henghe', '204-579-7248');
insert into Suppliers (title, city, tnumber) values ('Moog Inc.', 'Kristiansund N', '971-399-2441');
insert into Suppliers (title, city, tnumber) values ('Vanguard Total International Stock ETF', 'Vlycháda', '823-540-7664');
insert into Suppliers (title, city, tnumber) values ('Oncobiologics, Inc.', 'Acao', '892-779-1826');
insert into Suppliers (title, city, tnumber) values ('Antares Pharma, Inc.', 'Pedamaran', '875-601-8269');
insert into Suppliers (title, city, tnumber) values ('Legacy Reserves LP', 'Wenwusha', '718-460-5596');
insert into Suppliers (title, city, tnumber) values ('Anixter International Inc.', 'Strasbourg', '873-266-8608');
insert into Suppliers (title, city, tnumber) values ('FRONTEO, Inc.', 'Tha Mai', '586-362-7331');
insert into Suppliers (title, city, tnumber) values ('SL Green Realty Corporation', 'Shuitian', '541-487-4300');
insert into Suppliers (title, city, tnumber) values ('IQ Chaikin U.S. Small Cap ETF', 'Bozhou', '147-501-3471');
insert into Suppliers (title, city, tnumber) values ('Dollar General Corporation', 'Taman', '947-643-3178');
insert into Suppliers (title, city, tnumber) values ('International Business Machines Corporation', 'Albacete', '657-941-1371');
insert into Suppliers (title, city, tnumber) values ('Harvest Capital Credit Corporation', 'Tandou', '616-209-8415');
insert into Suppliers (title, city, tnumber) values ('Fresh Del Monte Produce, Inc.', 'Mliwang', '254-788-9474');
insert into Suppliers (title, city, tnumber) values ('Alteryx, Inc.', 'Huangtudian', '993-212-8486');
insert into Suppliers (title, city, tnumber) values ('Rice Midstream Partners LP', 'Kangar', '667-687-0808');
insert into Suppliers (title, city, tnumber) values ('Wolverine World Wide, Inc.', 'Horad Barysaw', '662-625-6136');
insert into Suppliers (title, city, tnumber) values ('PHI, Inc.', 'Mariel', '546-130-4460');
insert into Suppliers (title, city, tnumber) values ('Kraton Corporation', 'Wakayama-shi', '249-349-7611');
insert into Suppliers (title, city, tnumber) values ('New York & Company, Inc.', 'Paranavaí', '848-923-7501');
insert into Suppliers (title, city, tnumber) values ('The Descartes Systems Group Inc.', 'Liverpool', '118-927-0888');
insert into Suppliers (title, city, tnumber) values ('Ivy NextShares', 'Kaya', '837-278-8775');
insert into Suppliers (title, city, tnumber) values ('Macro Bank Inc.', 'Carolina', '844-840-1403');
insert into Suppliers (title, city, tnumber) values ('Conn''s, Inc.', 'Novopokrovka', '872-132-7912');
insert into Suppliers (title, city, tnumber) values ('Alere Inc.', 'Bazhu', '945-403-9185');
insert into Suppliers (title, city, tnumber) values ('First Trust RiverFront Dynamic Europe ETF', 'Čačak', '954-926-6635');
insert into Suppliers (title, city, tnumber) values ('Pinnacle Financial Partners, Inc.', 'Salyan', '754-561-0604');
insert into Suppliers (title, city, tnumber) values ('United Bancorp, Inc.', 'Zwettl', '716-138-1054');
insert into Suppliers (title, city, tnumber) values ('Pegasystems Inc.', 'Santa Monica', '515-187-4100');
insert into Suppliers (title, city, tnumber) values ('Costamare Inc.', 'Kuanfeu', '975-634-4862');
insert into Suppliers (title, city, tnumber) values ('AmTrust Financial Services, Inc.', 'Linhó', '417-939-1882');
insert into Suppliers (title, city, tnumber) values ('World Acceptance Corporation', 'Klagenfurt am Wörthersee', '389-572-4045');
insert into Suppliers (title, city, tnumber) values ('Chiasma, Inc.', 'Miandrivazo', '375-420-3446');
insert into Suppliers (title, city, tnumber) values ('RPX Corporation', 'Mwense', '258-891-7367');
insert into Suppliers (title, city, tnumber) values ('Synchrony Financial', 'Balakliya', '344-877-6047');
insert into Suppliers (title, city, tnumber) values ('MagneGas Corporation', 'San Nicolas', '133-902-8561');
insert into Suppliers (title, city, tnumber) values ('Barington/Hilco Acquisition Corp.', 'Donggaocun', '440-238-7507');
insert into Suppliers (title, city, tnumber) values ('Seaspan Corporation', 'Kontagora', '587-473-6348');
insert into Suppliers (title, city, tnumber) values ('Landcadia Holdings, Inc.', 'San Bernardino', '819-696-4245');
insert into Suppliers (title, city, tnumber) values ('Unisys Corporation', 'Maae', '467-981-1549');
insert into Suppliers (title, city, tnumber) values ('John Hancock Pfd Income Fund II', 'Pryluky', '398-405-2214');
insert into Suppliers (title, city, tnumber) values ('Popular, Inc.', 'Åtvidaberg', '419-517-5494');
insert into Suppliers (title, city, tnumber) values ('Nuveen Real Asset Income and Growth Fund', 'Xingzi', '154-731-4440');
insert into Suppliers (title, city, tnumber) values ('Brink''s Company The', 'Abaeté', '344-435-3741');
insert into Suppliers (title, city, tnumber) values ('Allstate Corporation (The)', 'Norberg', '672-147-5210');
insert into Suppliers (title, city, tnumber) values ('MagnaChip Semiconductor Corporation', 'Tây Đằng', '926-823-8796');
insert into Suppliers (title, city, tnumber) values ('ONE Gas, Inc.', 'Wan Yai', '196-664-5692');
insert into Suppliers (title, city, tnumber) values ('Soleno Therapeutics, Inc.', 'Gereshk', '661-750-2857');
insert into Suppliers (title, city, tnumber) values ('Dick''s Sporting Goods Inc', 'Yongqin', '498-848-3402');
insert into Suppliers (title, city, tnumber) values ('Synalloy Corporation', 'Pakel', '451-809-9851');
insert into Suppliers (title, city, tnumber) values ('The Descartes Nano Systems Group Inc.', 'Xiyuan', '934-753-1059');
insert into Suppliers (title, city, tnumber) values ('First Trust Nasdaq Transportation ETF', 'Bailu', '789-463-1759');
insert into Suppliers (title, city, tnumber) values ('Premier Financial Bancorp, Inc.', '‘Ābūd', '688-931-6594');

insert into Classification (towork) values ('SAVE');
insert into Classification (towork) values ('HTLD');
insert into Classification (towork) values ('MBSD');
insert into Classification (towork) values ('KEY^I');
insert into Classification (towork) values ('SAEX');
insert into Classification (towork) values ('ESS');
insert into Classification (towork) values ('HALO');
insert into Classification (towork) values ('CMFN');
insert into Classification (towork) values ('DB');
insert into Classification (towork) values ('VNO^K');
insert into Classification (towork) values ('RGR');
insert into Classification (towork) values ('STT^E');
insert into Classification (towork) values ('DSKE');
insert into Classification (towork) values ('INFO');
insert into Classification (towork) values ('SGRP');
insert into Classification (towork) values ('MNRO');
insert into Classification (towork) values ('INN^D');
insert into Classification (towork) values ('INSE');
insert into Classification (towork) values ('LFGR');
insert into Classification (towork) values ('VOYA');
insert into Classification (towork) values ('IVENC');
insert into Classification (towork) values ('CHI');
insert into Classification (towork) values ('CGNX');
insert into Classification (towork) values ('EQIX');
insert into Classification (towork) values ('ARAY');
insert into Classification (towork) values ('EYEG');
insert into Classification (towork) values ('AVX');
insert into Classification (towork) values ('GSM');
insert into Classification (towork) values ('IMED');
insert into Classification (towork) values ('RPRX');
insert into Classification (towork) values ('CORR');
insert into Classification (towork) values ('EMIF');
insert into Classification (towork) values ('TRNS');
insert into Classification (towork) values ('NEE^Q');
insert into Classification (towork) values ('HAL');
insert into Classification (towork) values ('MAMS');
insert into Classification (towork) values ('NATR');
insert into Classification (towork) values ('TAX');
insert into Classification (towork) values ('IVR');
insert into Classification (towork) values ('KODK.WS.A');
insert into Classification (towork) values ('LOW');
insert into Classification (towork) values ('HTD');
insert into Classification (towork) values ('CI');
insert into Classification (towork) values ('HTHT');
insert into Classification (towork) values ('MERC');
insert into Classification (towork) values ('CLFD');
insert into Classification (towork) values ('GCI');
insert into Classification (towork) values ('QLYS');
insert into Classification (towork) values ('CYBR');
insert into Classification (towork) values ('OSBCP');
insert into Classification (towork) values ('REG');
insert into Classification (towork) values ('HMNY');
insert into Classification (towork) values ('WHLM');
insert into Classification (towork) values ('TXT');
insert into Classification (towork) values ('FEM');
insert into Classification (towork) values ('AHT^A');
insert into Classification (towork) values ('FCAP');
insert into Classification (towork) values ('NGG');
insert into Classification (towork) values ('SSW^G');
insert into Classification (towork) values ('BF.B');
insert into Classification (towork) values ('MNOV');
insert into Classification (towork) values ('INVA');
insert into Classification (towork) values ('VLGEA');
insert into Classification (towork) values ('FBIO');
insert into Classification (towork) values ('GFA');
insert into Classification (towork) values ('LNTH');
insert into Classification (towork) values ('WG');
insert into Classification (towork) values ('AINV');
insert into Classification (towork) values ('FGP');
insert into Classification (towork) values ('WINS');
insert into Classification (towork) values ('KBWB');
insert into Classification (towork) values ('EDGE');
insert into Classification (towork) values ('GIFI');
insert into Classification (towork) values ('PMX');
insert into Classification (towork) values ('MOFG');
insert into Classification (towork) values ('AKS');
insert into Classification (towork) values ('MTW');
insert into Classification (towork) values ('HIMX');
insert into Classification (towork) values ('SRE');
insert into Classification (towork) values ('KE');
insert into Classification (towork) values ('ITRN');
insert into Classification (towork) values ('JP');
insert into Classification (towork) values ('SKOR');
insert into Classification (towork) values ('ANF');
insert into Classification (towork) values ('PCI');
insert into Classification (towork) values ('VRA');
insert into Classification (towork) values ('HBANO');
insert into Classification (towork) values ('PSA^Z');
insert into Classification (towork) values ('REPH');
insert into Classification (towork) values ('NTLA');
insert into Classification (towork) values ('STLRU');
insert into Classification (towork) values ('GIGM');
insert into Classification (towork) values ('BHLB');
insert into Classification (towork) values ('VWR');
insert into Classification (towork) values ('THST');
insert into Classification (towork) values ('GBDC');
insert into Classification (towork) values ('STBA');
insert into Classification (towork) values ('MFT');
insert into Classification (towork) values ('SWNC');
insert into Classification (towork) values ('SERV');

insert into Clients (pnumber, fname, lname, tnumber) values ('BZ3000481', 'Mayne', 'Kingcote', '211-523-5212');
insert into Clients (pnumber, fname, lname, tnumber) values ('ZD6641043', 'Freddi', 'Heasly', '816-567-3440');
insert into Clients (pnumber, fname, lname, tnumber) values ('OX8012481', 'Gardiner', 'Demko', '576-926-3933');
insert into Clients (pnumber, fname, lname, tnumber) values ('WQ4358942', 'Lelah', 'Bjerkan', '144-207-1572');
insert into Clients (pnumber, fname, lname, tnumber) values ('HV0196701', 'Calvin', 'Cavil', '639-322-7972');
insert into Clients (pnumber, fname, lname, tnumber) values ('DS2456314', 'Vanessa', 'Kempson', '523-677-7986');
insert into Clients (pnumber, fname, lname, tnumber) values ('KX3728176', 'Selie', 'Forlonge', '562-582-0428');
insert into Clients (pnumber, fname, lname, tnumber) values ('XK1839706', 'Chas', 'Yandle', '750-702-7138');
insert into Clients (pnumber, fname, lname, tnumber) values ('KP4881346', 'Menard', 'Greave', '700-124-4408');
insert into Clients (pnumber, fname, lname, tnumber) values ('CQ9123912', 'Boyce', 'Bourgourd', '992-268-5444');
insert into Clients (pnumber, fname, lname, tnumber) values ('AR1541812', 'Mariellen', 'Ert', '108-114-6023');
insert into Clients (pnumber, fname, lname, tnumber) values ('MJ3628057', 'Demetri', 'Mawdsley', '217-806-2030');
insert into Clients (pnumber, fname, lname, tnumber) values ('TM6709940', 'Orelle', 'Oty', '979-899-4421');
insert into Clients (pnumber, fname, lname, tnumber) values ('SQ6859100', 'Freddy', 'Slarke', '973-456-4618');
insert into Clients (pnumber, fname, lname, tnumber) values ('XC0993545', 'Noland', 'Rabson', '166-717-8658');
insert into Clients (pnumber, fname, lname, tnumber) values ('PQ2037843', 'Reba', 'Grimsdike', '758-127-2853');
insert into Clients (pnumber, fname, lname, tnumber) values ('TU2021067', 'Yance', 'Monketon', '354-723-1254');
insert into Clients (pnumber, fname, lname, tnumber) values ('AP2533400', 'Jacobo', 'Pennino', '184-684-5066');
insert into Clients (pnumber, fname, lname, tnumber) values ('MA2626024', 'Codie', 'Gearty', '555-748-1312');
insert into Clients (pnumber, fname, lname, tnumber) values ('FG1465260', 'Bartholemy', 'Ipsley', '604-819-2497');
insert into Clients (pnumber, fname, lname, tnumber) values ('CQ1851328', 'Mommy', 'Delacoste', '100-605-9787');
insert into Clients (pnumber, fname, lname, tnumber) values ('CE5142200', 'Rosmunda', 'Koche', '160-228-7236');
insert into Clients (pnumber, fname, lname, tnumber) values ('RG5306063', 'Ker', 'Bygraves', '138-254-4735');
insert into Clients (pnumber, fname, lname, tnumber) values ('MW2430296', 'Rosabelle', 'Nary', '729-592-8297');
insert into Clients (pnumber, fname, lname, tnumber) values ('VC8349738', 'Giordano', 'Blunderfield', '969-395-4285');
insert into Clients (pnumber, fname, lname, tnumber) values ('WT6596972', 'Dall', 'Nerval', '188-129-9722');
insert into Clients (pnumber, fname, lname, tnumber) values ('KN5219028', 'Rafe', 'Rizzardi', '650-579-4133');
insert into Clients (pnumber, fname, lname, tnumber) values ('RS2172742', 'Derron', 'Lindemann', '703-726-9861');
insert into Clients (pnumber, fname, lname, tnumber) values ('NY9179455', 'Jerrine', 'Kristiansen', '767-204-7737');
insert into Clients (pnumber, fname, lname, tnumber) values ('PS5414626', 'Mirabelle', 'Meindl', '842-298-1657');
insert into Clients (pnumber, fname, lname, tnumber) values ('NT2521403', 'Lindy', 'Summerhayes', '540-757-5623');
insert into Clients (pnumber, fname, lname, tnumber) values ('FV2386194', 'Lyell', 'Wayne', '873-538-5793');
insert into Clients (pnumber, fname, lname, tnumber) values ('KO7939826', 'Genny', 'Tomicki', '229-286-6779');
insert into Clients (pnumber, fname, lname, tnumber) values ('OD9064455', 'Rab', 'Beccles', '829-195-6735');
insert into Clients (pnumber, fname, lname, tnumber) values ('DU9761545', 'Vachel', 'Nozzolinii', '715-570-1915');
insert into Clients (pnumber, fname, lname, tnumber) values ('ER4751367', 'Layne', 'Dugdale', '781-888-7969');
insert into Clients (pnumber, fname, lname, tnumber) values ('AZ6077798', 'Giorgia', 'Sindle', '620-855-2744');
insert into Clients (pnumber, fname, lname, tnumber) values ('JH7983137', 'Royall', 'Kryszka', '316-890-6605');
insert into Clients (pnumber, fname, lname, tnumber) values ('DF5599771', 'Ware', 'Docwra', '680-590-3653');
insert into Clients (pnumber, fname, lname, tnumber) values ('JY6119576', 'Christi', 'Rabjohn', '922-980-8208');
insert into Clients (pnumber, fname, lname, tnumber) values ('MF5162507', 'Anatole', 'Laughnan', '868-326-6770');
insert into Clients (pnumber, fname, lname, tnumber) values ('IW4475247', 'Osgood', 'Lean', '811-470-4634');
insert into Clients (pnumber, fname, lname, tnumber) values ('UX5029736', 'Hazlett', 'Island', '940-247-0067');
insert into Clients (pnumber, fname, lname, tnumber) values ('TJ1099155', 'Doralia', 'Storek', '341-887-3948');
insert into Clients (pnumber, fname, lname, tnumber) values ('TU9394325', 'Muire', 'Bezarra', '312-356-3031');
insert into Clients (pnumber, fname, lname, tnumber) values ('DM1250446', 'Vin', 'Kalderon', '314-111-1306');
insert into Clients (pnumber, fname, lname, tnumber) values ('ZN8504222', 'Nikolas', 'Burdoun', '727-737-9931');
insert into Clients (pnumber, fname, lname, tnumber) values ('KS5417473', 'Edeline', 'Evesque', '954-996-6248');
insert into Clients (pnumber, fname, lname, tnumber) values ('RA1872622', 'Christiano', 'Vevers', '216-862-0851');
insert into Clients (pnumber, fname, lname, tnumber) values ('SS6693172', 'Margret', 'Lauga', '940-179-1754');
insert into Clients (pnumber, fname, lname, tnumber) values ('VW4704689', 'Nicolle', 'Markie', '604-707-5685');
insert into Clients (pnumber, fname, lname, tnumber) values ('OK8744965', 'Elvyn', 'Tutchings', '705-181-0652');
insert into Clients (pnumber, fname, lname, tnumber) values ('AA8287375', 'Nita', 'Peperell', '265-956-5261');
insert into Clients (pnumber, fname, lname, tnumber) values ('TL6600788', 'Cristi', 'Tregenza', '935-357-6580');
insert into Clients (pnumber, fname, lname, tnumber) values ('HA2355390', 'Gerry', 'Piechnik', '716-179-6467');
insert into Clients (pnumber, fname, lname, tnumber) values ('EL9832211', 'Sarette', 'Bartolommeo', '886-743-5667');
insert into Clients (pnumber, fname, lname, tnumber) values ('BK6383174', 'Horst', 'Cockerton', '214-457-2758');
insert into Clients (pnumber, fname, lname, tnumber) values ('TH9878336', 'Egbert', 'Gallichan', '397-708-2429');
insert into Clients (pnumber, fname, lname, tnumber) values ('RZ1767313', 'Carola', 'Roch', '964-585-3602');
insert into Clients (pnumber, fname, lname, tnumber) values ('RL6538874', 'Lynne', 'Scally', '867-754-4282');
insert into Clients (pnumber, fname, lname, tnumber) values ('OE8096907', 'Napoleon', 'Fain', '965-859-0035');
insert into Clients (pnumber, fname, lname, tnumber) values ('YK8092088', 'Gayle', 'Ranklin', '170-959-4666');
insert into Clients (pnumber, fname, lname, tnumber) values ('DQ2293419', 'Christoffer', 'Goldhill', '101-659-9093');
insert into Clients (pnumber, fname, lname, tnumber) values ('NP7637423', 'Dennie', 'Rapley', '589-147-2876');
insert into Clients (pnumber, fname, lname, tnumber) values ('YD4468819', 'Mickie', 'Dollman', '903-577-8528');
insert into Clients (pnumber, fname, lname, tnumber) values ('ZF0006377', 'Thibaud', 'Kobpal', '862-467-2757');
insert into Clients (pnumber, fname, lname, tnumber) values ('QD6693679', 'Noel', 'Kolczynski', '885-371-7121');
insert into Clients (pnumber, fname, lname, tnumber) values ('YC7673098', 'Horace', 'Mazzia', '195-434-5302');
insert into Clients (pnumber, fname, lname, tnumber) values ('WB7329199', 'Zulema', 'Beadnall', '439-566-8380');
insert into Clients (pnumber, fname, lname, tnumber) values ('EC0597534', 'Crysta', 'Dressel', '956-586-8581');
insert into Clients (pnumber, fname, lname, tnumber) values ('DG1658452', 'Michal', 'Luxton', '269-478-0334');
insert into Clients (pnumber, fname, lname, tnumber) values ('NG6569346', 'Halette', 'Coggen', '176-527-5004');
insert into Clients (pnumber, fname, lname, tnumber) values ('FF1596370', 'Herbert', 'Going', '100-956-6348');
insert into Clients (pnumber, fname, lname, tnumber) values ('QN5635401', 'Lebbie', 'Bamber', '841-578-6743');
insert into Clients (pnumber, fname, lname, tnumber) values ('PP3252948', 'Ezequiel', 'Astridge', '226-177-0063');
insert into Clients (pnumber, fname, lname, tnumber) values ('JC4436380', 'Emelyne', 'Tomlett', '424-491-0069');
insert into Clients (pnumber, fname, lname, tnumber) values ('NK7329033', 'Andy', 'Wadly', '762-632-0144');
insert into Clients (pnumber, fname, lname, tnumber) values ('PV7879839', 'Sinclare', 'Chaikovski', '146-873-5023');
insert into Clients (pnumber, fname, lname, tnumber) values ('NR0709559', 'Clayton', 'MacGebenay', '334-257-9543');
insert into Clients (pnumber, fname, lname, tnumber) values ('VO3707085', 'Cindelyn', 'Lodwig', '961-685-9595');
insert into Clients (pnumber, fname, lname, tnumber) values ('VL3316840', 'Pepillo', 'Tonsley', '996-962-9629');
insert into Clients (pnumber, fname, lname, tnumber) values ('ZH9855857', 'Danna', 'Wardrop', '910-332-3339');
insert into Clients (pnumber, fname, lname, tnumber) values ('UO2347743', 'Arlina', 'Ciccotti', '424-235-9893');
insert into Clients (pnumber, fname, lname, tnumber) values ('DU9491389', 'Frederick', 'Romain', '726-356-1996');
insert into Clients (pnumber, fname, lname, tnumber) values ('TQ5927897', 'Tiena', 'Risso', '806-299-5702');
insert into Clients (pnumber, fname, lname, tnumber) values ('XG8811537', 'Geoffry', 'Heggman', '284-309-0837');
insert into Clients (pnumber, fname, lname, tnumber) values ('PG0411442', 'Kele', 'Coldrick', '470-894-9272');
insert into Clients (pnumber, fname, lname, tnumber) values ('EX5582507', 'Portie', 'Spellsworth', '181-128-1666');
insert into Clients (pnumber, fname, lname, tnumber) values ('RC8323401', 'Ethelred', 'Lonnon', '920-757-9387');
insert into Clients (pnumber, fname, lname, tnumber) values ('QJ3582324', 'Colan', 'Beeble', '104-522-4886');
insert into Clients (pnumber, fname, lname, tnumber) values ('XX6173545', 'Jorey', 'Verbruggen', '318-488-5797');
insert into Clients (pnumber, fname, lname, tnumber) values ('JJ0723809', 'Twyla', 'Brimilcome', '191-556-7295');
insert into Clients (pnumber, fname, lname, tnumber) values ('RT5173869', 'Mathian', 'Briskey', '702-452-6328');
insert into Clients (pnumber, fname, lname, tnumber) values ('TM1899476', 'Merci', 'Ambrosio', '656-893-5159');
insert into Clients (pnumber, fname, lname, tnumber) values ('BQ9946479', 'Ashien', 'Ronayne', '186-721-7108');
insert into Clients (pnumber, fname, lname, tnumber) values ('XN4273526', 'Ogden', 'Bruntje', '804-966-6214');
insert into Clients (pnumber, fname, lname, tnumber) values ('NC2146086', 'Raeann', 'Mosey', '371-184-6312');
insert into Clients (pnumber, fname, lname, tnumber) values ('SA3250488', 'Bathsheba', 'Noye', '569-674-4052');
insert into Clients (pnumber, fname, lname, tnumber) values ('GQ5721940', 'Berky', 'Awmack', '181-139-0745');
insert into Clients (pnumber, fname, lname, tnumber) values ('QV6962280', 'Melicent', 'Megarry', '935-310-6848');

insert into Technics (title, towork, mcode, ready, rdate) values ('Journey', 'SAVE', 30, 'y', '23-Mar-2017');
insert into Technics (title, towork, mcode, ready, rdate) values ('Sportvan G20', 'HTLD', 83, 'y', '02-Sep-2019');
insert into Technics (title, towork, mcode, ready, rdate) values ('Trooper', 'SAVE', 53, 'y', '02-Jul-2019');
insert into Technics (title, towork, mcode, ready, rdate) values ('Esprit', 'HTLD', 87, 'y', '11-Apr-2017');
insert into Technics (title, towork, mcode, ready, rdate) values ('B-Series', 'SAVE', 55, 'y', '13-Mar-2017');
insert into Technics (title, towork, mcode, ready, rdate) values ('2500', 'HTLD', 84, 'y', '29-Oct-2018');
insert into Technics (title, towork, mcode, ready, rdate) values ('Ram Van 3500', 'MBSD', 49, 'y', '28-Dec-2018');
insert into Technics (title, towork, mcode, ready, rdate) values ('4Runner', 'SAEX', 67, 'y', '04-Nov-2017');
insert into Technics (title, towork, mcode, ready, rdate) values ('Highlander', 'MBSD', 1, 'y', '05-Feb-2017');
insert into Technics (title, towork, mcode, ready, rdate) values ('Accent', 'SAEX', 8, 'y', '15-Jun-2019');
insert into Technics (title, towork, mcode, ready, rdate) values ('Vanagon', 'MBSD', 60, 'y', '13-Jul-2019');
insert into Technics (title, towork, mcode, ready, rdate) values ('525', 'SAEX', 89, 'y', '13-Jan-2018');
insert into Technics (title, towork, mcode, ready, rdate) values ('S-Class', 'HALO', 28, 'y', '31-Mar-2018');
insert into Technics (title, towork, mcode, ready, rdate) values ('ES', 'CMFN', 12, 'y', '18-Apr-2019');
insert into Technics (title, towork, mcode, ready, rdate) values ('5 Series', 'HALO', 4, 'y', '27-Oct-2018');
insert into Technics (title, towork, mcode, ready, rdate) values ('Suburban 1500', 'CMFN', 99, 'y', '24-Mar-2018');
insert into Technics (title, towork, mcode, ready, rdate) values ('xB', 'HALO', 56, 'y', '10-Jun-2017');
insert into Technics (title, towork, mcode, ready, rdate) values ('Eclipse', 'CMFN', 8, 'y', '24-Mar-2017');
insert into Technics (title, towork, mcode, ready, rdate) values ('CL-Class', 'HALO', 34, 'y', '24-Nov-2018');
insert into Technics (title, towork, mcode, ready, rdate) values ('CTS', 'CMFN', 45, 'y', '27-Mar-2017');
insert into Technics (title, towork, mcode, ready, rdate) values ('riolet', 'HALO', 26, 'y', '22-Apr-2019');
insert into Technics (title, towork, mcode, ready, rdate) values ('DTS', 'CMFN', 55, 'y', '25-Jul-2017');
insert into Technics (title, towork, mcode, ready, rdate) values ('Magnum', 'DB', 63, 'y', '15-Feb-2018');
insert into Technics (title, towork, mcode, ready, rdate) values ('Seville', 'DB', 9, 'y', '04-Aug-2017');
insert into Technics (title, towork, mcode, ready, rdate) values ('Sonoma Club Coupe', 'DB', 45, 'y', '07-Oct-2019');
insert into Technics (title, towork, mcode, ready, rdate) values ('Discovery', 'DB', 62, 'y', '26-Jun-2017');
insert into Technics (title, towork, mcode, ready, rdate) values ('Escalade EXT', 'DB', 85, 'y', '03-Nov-2018');
insert into Technics (title, towork, mcode, ready, rdate) values ('XC60', 'LOW', 31, 'y', '03-Dec-2017');
insert into Technics (title, towork, mcode, ready, rdate) values ('Montero', 'TXT', 25, 'y', '21-Dec-2017');
insert into Technics (title, towork, mcode, ready, rdate) values ('S60', 'LOW', 1, 'y', '04-Feb-2018');
insert into Technics (title, towork, mcode, ready, rdate) values ('G', 'CI', 26, 'y', '16-Dec-2017');
insert into Technics (title, towork, mcode, ready, rdate) values ('Touareg', 'TXT', 51, 'y', '25-Sep-2017');
insert into Technics (title, towork, mcode, ready, rdate) values ('Cougar', 'LOW', 9, 'y', '04-Aug-2018');
insert into Technics (title, towork, mcode, ready, rdate) values ('Escalade', 'TAX', 49, 'y', '29-Jul-2017');
insert into Technics (title, towork, mcode, ready, rdate) values ('MX-5', 'CI', 27, 'y', '08-Mar-2017');
insert into Technics (title, towork, mcode, ready, rdate) values ('BDB-Series', 'TXT', 51, 'y', '24-Jun-2018');
insert into Technics (title, towork, mcode, ready, rdate) values ('Cordia', 'TAX', 51, 'y', '13-Jan-2018');
insert into Technics (title, towork, mcode, ready, rdate) values ('GX', 'LOW', 16, 'y', '21-Sep-2019');
insert into Technics (title, towork, mcode, ready, rdate) values ('Silverado', 'CI', 38, 'y', '28-Jan-2019');
insert into Technics (title, towork, mcode, ready, rdate) values ('Sprinter 2500', 'CI', 34, 'y', '27-Aug-2018');
insert into Technics (title, towork, mcode, ready, rdate) values ('Bonneville', 'INSE', 31, 'y', '05-Jan-2017');
insert into Technics (title, towork, mcode, ready, rdate) values ('Liberty', 'INSE', 83, 'y', '27-May-2018');
insert into Technics (title, towork, mcode, ready, rdate) values ('GTI', 'INSE', 22, 'y', '01-Aug-2017');
insert into Technics (title, towork, mcode, ready, rdate) values ('Arnage', 'INSE', 25, 'y', '05-Nov-2018');
insert into Technics (title, towork, mcode, ready, rdate) values ('CR-V', 'INSE', 36, 'y', '28-Nov-2016');
insert into Technics (title, towork, mcode, ready, rdate) values ('Sonoma', 'INSE', 30, 'y', '16-Jul-2019');
insert into Technics (title, towork, mcode, ready, rdate) values ('Colt', 'INSE', 34, 'y', '30-Jan-2018');
insert into Technics (title, towork, mcode, ready, rdate) values ('Mirage', 'INSE', 63, 'y', '16-May-2017');
insert into Technics (title, towork, mcode, ready, rdate) values ('Cavalier', 'INSE', 21, 'y', '25-Jun-2018');
insert into Technics (title, towork, mcode, ready, rdate) values ('W201', 'EDGE', 95, 'y', '16-Feb-2018');
insert into Technics (title, towork, mcode, ready, rdate) values ('Crown Victoria', 'EDGE', 84, 'y', '09-Jul-2018');
insert into Technics (title, towork, mcode, ready, rdate) values ('G35', 'EDGE', 17, 'y', '01-Jan-2017');
insert into Technics (title, towork, mcode, ready, rdate) values ('Ascender', 'EDGE', 78, 'y', '25-Jan-2018');
insert into Technics (title, towork, mcode, ready, rdate) values ('Quest', 'EDGE', 58, 'y', '19-Aug-2017');
insert into Technics (title, towork, mcode, ready, rdate) values ('626', 'EDGE', 35, 'y', '30-Dec-2017');
insert into Technics (title, towork, mcode, ready, rdate) values ('Lucerne', 'EDGE', 64, 'y', '26-Aug-2017');
insert into Technics (title, towork, mcode, ready, rdate) values ('944', 'EDGE', 68, 'y', '21-Jul-2019');
insert into Technics (title, towork, mcode, ready, rdate) values ('Suburban 2500', 'REPH', 45, 'y', '15-Sep-2019');
insert into Technics (title, towork, mcode, ready, rdate) values ('NSX-N12', 'REPH', 91, 'y', '17-Oct-2019');
insert into Technics (title, towork, mcode, ready, rdate) values ('Cavalieria', 'REPH', 74, 'y', '16-Oct-2017');
insert into Technics (title, towork, mcode, ready, rdate) values ('Montenegro', 'REPH', 88, 'y', '07-Jul-2019');
insert into Technics (title, towork, mcode, ready, rdate) values ('6000', 'REPH', 41, 'y', '20-Oct-2018');
insert into Technics (title, towork, mcode, ready, rdate) values ('Rogue', 'REPH', 29, 'y', '19-May-2019');
insert into Technics (title, towork, mcode, ready, rdate) values ('Wrangler', 'REPH', 24, 'y', '11-Jan-2019');
insert into Technics (title, towork, mcode, ready, rdate) values ('Land Cruiser', 'REPH', 58, 'y', '06-May-2018');
insert into Technics (title, towork, mcode, ready, rdate) values ('Dakota', 'REPH', 27, 'y', '14-Dec-2018');
insert into Technics (title, towork, mcode, ready, rdate) values ('Karif', 'REPH', 15, 'y', '29-Jun-2019');
insert into Technics (title, towork, mcode, ready, rdate) values ('Vandura 2500', 'REPH', 94, 'y', '30-Nov-2016');
insert into Technics (title, towork, mcode, ready, rdate) values ('Highlander-max', 'REPH', 37, 'y', '07-Sep-2017');
insert into Technics (title, towork, mcode, ready, rdate) values ('Voyager', 'STBA', 8, 'y', '08-Aug-2019');
insert into Technics (title, towork, mcode, ready, rdate) values ('Bronco', 'STBA', 38, 'y', '14-Apr-2018');
insert into Technics (title, towork, mcode, ready, rdate) values ('SL-Class', 'STBA', 56, 'y', '28-Jan-2019');
insert into Technics (title, towork, mcode, ready, rdate) values ('GTIX', 'STBA', 33, 'y', '23-Jan-2017');
insert into Technics (title, towork, mcode, ready, rdate) values ('STS', 'STBA', 3, 'y', '02-Sep-2017');
insert into Technics (title, towork, mcode, ready, rdate) values ('Roadster', 'STBA', 94, 'y', '08-Aug-2017');
insert into Technics (title, towork, mcode, ready, rdate) values ('X5', 'STBA', 8, 'y', '11-Oct-2019');
insert into Technics (title, towork, mcode, ready, rdate) values ('Ram', 'STBA', 16, 'y', '09-Jan-2018');
insert into Technics (title, towork, mcode, ready, rdate) values ('Golf', 'STBA', 64, 'y', '15-Feb-2018');
insert into Technics (title, towork, mcode, ready, rdate) values ('Charger', 'STBA', 26, 'y', '30-Jan-2019');
insert into Technics (title, towork, mcode, ready, rdate) values ('Mirage-Voauge', 'STBA', 56, 'y', '07-May-2017');
insert into Technics (title, towork, mcode, ready, rdate) values ('Azurezuzure', 'STBA', 11, 'y', '21-Nov-2017');
insert into Technics (title, towork, mcode, ready, rdate) values ('Miata MX-10', 'STBA', 22, 'y', '23-Jul-2018');
insert into Technics (title, towork, mcode, ready, rdate) values ('B-Series SE', 'STBA', 47, 'y', '26-Jul-2019');
insert into Technics (title, towork, mcode, ready, rdate) values ('Escalade M7', 'STBA', 5, 'y', '28-Nov-2016');
insert into Technics (title, towork, mcode, ready, rdate) values ('E-Class SE', 'STBA', 33, 'y', '05-Mar-2017');
insert into Technics (title, towork, mcode, ready, rdate) values ('Queen Victoria', 'STBA', 14, 'y', '29-Nov-2018');
insert into Technics (title, towork, mcode, ready, rdate) values ('Altima', 'GBDC', 38, 'y', '30-Sep-2017');
insert into Technics (title, towork, mcode, ready, rdate) values ('Sequoia', 'PCI', 4, 'y', '05-Feb-2018');
insert into Technics (title, towork, mcode, ready, rdate) values ('Civic', 'PCI', 62, 'y', '22-Feb-2019');
insert into Technics (title, towork, mcode, ready, rdate) values ('Legacy', 'ANF', 20, 'y', '09-May-2018');
insert into Technics (title, towork, mcode, ready, rdate) values ('NSXXXL', 'GBDC', 8, 'y', '25-Sep-2019');
insert into Technics (title, towork, mcode, ready, rdate) values ('F150NV', 'PCI', 19, 'y', '14-Jun-2018');
insert into Technics (title, towork, mcode, ready, rdate) values ('Civic lite', 'PCI', 84, 'y', '23-Jan-2017');
insert into Technics (title, towork, mcode, ready, rdate) values ('Range Rover Evoque', 'ANF', 18, 'y', '11-Jun-2018');
insert into Technics (title, towork, mcode, ready, rdate) values ('DeVille', 'GBDC', 47, 'y', '27-Jan-2018');
insert into Technics (title, towork, mcode, ready, rdate) values ('Corolla', 'PCI', 70, 'y', '17-Jan-2018');
insert into Technics (title, towork, mcode, ready, rdate) values ('X-90', 'ANF', 87, 'y', '31-Oct-2017');
insert into Technics (title, towork, mcode, ready, rdate) values ('Sunbird', 'GBDC', 65, 'y', '01-Jan-2018');
insert into Technics (title, towork, mcode, ready, rdate) values ('Tempo', 'PCI', 65, 'y', '20-Sep-2018');
insert into Technics (title, towork, mcode, ready, rdate) values ('Outback', 'ANF', 57, 'y', '11-Feb-2017');

insert into Works (wname, towork) values ('in', 'SAVE');
insert into Works (wname, towork) values ('urna', 'SAVE');
insert into Works (wname, towork) values ('nulla', 'SAVE');
insert into Works (wname, towork) values ('vulputate justo', 'SAVE');
insert into Works (wname, towork) values ('laoreet ut', 'SAVE');
insert into Works (wname, towork) values ('orci', 'SAVE');
insert into Works (wname, towork) values ('ac leo', 'SAVE');
insert into Works (wname, towork) values ('diam neque', 'SAVE');
insert into Works (wname, towork) values ('vestibulum', 'SAVE');
insert into Works (wname, towork) values ('in imperdiet', 'SAVE');
insert into Works (wname, towork) values ('nullargus', 'PMX');
insert into Works (wname, towork) values ('sit', 'PMX');
insert into Works (wname, towork) values ('at turpis', 'PMX');
insert into Works (wname, towork) values ('ultrices phasellus', 'PMX');
insert into Works (wname, towork) values ('nisl duis', 'PMX');
insert into Works (wname, towork) values ('felis sed', 'PMX');
insert into Works (wname, towork) values ('justolinok', 'PMX');
insert into Works (wname, towork) values ('sedan', 'PMX');
insert into Works (wname, towork) values ('null at', 'PMX');
insert into Works (wname, towork) values ('quammtenegro', 'PMX');
insert into Works (wname, towork) values ('massandra', 'TXT');
insert into Works (wname, towork) values ('portalegti', 'TXT');
insert into Works (wname, towork) values ('nisisidane', 'TXT');
insert into Works (wname, towork) values ('felis eu', 'TXT');
insert into Works (wname, towork) values ('lectusmectus', 'TXT');
insert into Works (wname, towork) values ('integer', 'TXT');
insert into Works (wname, towork) values ('faucibus', 'TXT');
insert into Works (wname, towork) values ('purus', 'TXT');
insert into Works (wname, towork) values ('luctus ultricies', 'TXT');
insert into Works (wname, towork) values ('scelerisque quam', 'TXT');
insert into Works (wname, towork) values ('dui', 'TXT');
insert into Works (wname, towork) values ('pede malesuada', 'VRA');
insert into Works (wname, towork) values ('mattis odio', 'VRA');
insert into Works (wname, towork) values ('blandit', 'VRA');
insert into Works (wname, towork) values ('odio', 'VRA');
insert into Works (wname, towork) values ('in consequat', 'VRA');
insert into Works (wname, towork) values ('ac diam', 'VRA');
insert into Works (wname, towork) values ('leo odio', 'VRA');
insert into Works (wname, towork) values ('mi', 'VRA');
insert into Works (wname, towork) values ('cras', 'VRA');
insert into Works (wname, towork) values ('blanditto', 'VRA');
insert into Works (wname, towork) values ('sitdown', 'JP');
insert into Works (wname, towork) values ('at', 'JP');
insert into Works (wname, towork) values ('lorem quisque', 'JP');
insert into Works (wname, towork) values ('vestibulum aliquet', 'JP');
insert into Works (wname, towork) values ('vel augue', 'JP');
insert into Works (wname, towork) values ('magna at', 'JP');
insert into Works (wname, towork) values ('elementum', 'JP');
insert into Works (wname, towork) values ('molestie', 'JP');
insert into Works (wname, towork) values ('massa donec', 'JP');
insert into Works (wname, towork) values ('parturient', 'JP');
insert into Works (wname, towork) values ('odiomma', 'JP');
insert into Works (wname, towork) values ('sagittis nam', 'JP');
insert into Works (wname, towork) values ('sapien', 'JP');
insert into Works (wname, towork) values ('tortor', 'INFO');
insert into Works (wname, towork) values ('imperdiet et', 'INFO');
insert into Works (wname, towork) values ('quiste', 'INFO');
insert into Works (wname, towork) values ('proin', 'INFO');
insert into Works (wname, towork) values ('arcu adipiscing', 'INFO');
insert into Works (wname, towork) values ('molestienush', 'INFO');
insert into Works (wname, towork) values ('eget', 'INFO');
insert into Works (wname, towork) values ('lacus purus', 'INFO');
insert into Works (wname, towork) values ('vestibulum quam', 'INFO');
insert into Works (wname, towork) values ('pede', 'INFO');
insert into Works (wname, towork) values ('vitae consectetuerca', 'INFO');
insert into Works (wname, towork) values ('intomycode', 'INFO');
insert into Works (wname, towork) values ('adipiscing', 'INFO');
insert into Works (wname, towork) values ('urna pretium', 'INFO');
insert into Works (wname, towork) values ('luctus', 'INFO');
insert into Works (wname, towork) values ('ut', 'INFO');
insert into Works (wname, towork) values ('tuturpis', 'INFO');
insert into Works (wname, towork) values ('mattis odiolla', 'EDGE');
insert into Works (wname, towork) values ('lacus at', 'EDGE');
insert into Works (wname, towork) values ('platea', 'EDGE');
insert into Works (wname, towork) values ('potenti', 'EDGE');
insert into Works (wname, towork) values ('id sapien', 'EDGE');
insert into Works (wname, towork) values ('justo morbi', 'EDGE');
insert into Works (wname, towork) values ('donec', 'EDGE');
insert into Works (wname, towork) values ('vel', 'EDGE');
insert into Works (wname, towork) values ('erat curabitur', 'EDGE');
insert into Works (wname, towork) values ('interdum', 'EDGE');
insert into Works (wname, towork) values ('interdumna', 'CHI');
insert into Works (wname, towork) values ('erat curabiturka', 'CHI');
insert into Works (wname, towork) values ('in purus', 'CHI');
insert into Works (wname, towork) values ('quis turpis', 'CHI');
insert into Works (wname, towork) values ('aliquet', 'CHI');
insert into Works (wname, towork) values ('natoque', 'CHI');
insert into Works (wname, towork) values ('doneck', 'CHI');
insert into Works (wname, towork) values ('volutpat', 'CHI');
insert into Works (wname, towork) values ('et', 'CHI');
insert into Works (wname, towork) values ('viverra', 'ARAY');
insert into Works (wname, towork) values ('hac', 'ARAY');
insert into Works (wname, towork) values ('a pede', 'ARAY');
insert into Works (wname, towork) values ('eleifend donec', 'ARAY');
insert into Works (wname, towork) values ('est quam', 'ARAY');
insert into Works (wname, towork) values ('quammy', 'ARAY');
insert into Works (wname, towork) values ('cum', 'ARAY');
insert into Works (wname, towork) values ('tristique est', 'ARAY');
insert into Works (wname, towork) values ('eget tincidunt', 'ARAY');
insert into Works (wname, towork) values ('site', 'ARAY');

insert into Provision (wcode, pnumber, snumber, rdate) values (47, 'BZ3000481', 94, '04-Apr-2019');
insert into Provision (wcode, pnumber, snumber, rdate) values (39, 'ZD6641043', 7, '04-Apr-2019');
insert into Provision (wcode, pnumber, snumber, rdate) values (49, 'ZD6641043', 94, '04-Apr-2019');
insert into Provision (wcode, pnumber, snumber, rdate) values (82, 'ZD6641043', 34, '25-May-2018');
insert into Provision (wcode, pnumber, snumber, rdate) values (37, 'OX8012481', 57, '25-May-2018');
insert into Provision (wcode, pnumber, snumber, rdate) values (82, 'OX8012481', 50, '25-May-2018');
insert into Provision (wcode, pnumber, snumber, rdate) values (37, 'OX8012481', 89, '25-May-2018');
insert into Provision (wcode, pnumber, snumber, rdate) values (51, 'WQ4358942', 95, '10-Nov-2019');
insert into Provision (wcode, pnumber, snumber, rdate) values (64, 'WQ4358942', 70, '10-Nov-2019');
insert into Provision (wcode, pnumber, snumber, rdate) values (94, 'WQ4358942', 77, '10-Nov-2019');
insert into Provision (wcode, pnumber, snumber, rdate) values (92, 'HV0196701', 85, '10-Nov-2019');
insert into Provision (wcode, pnumber, snumber, rdate) values (92, 'HV0196701', 18, '28-Feb-2019');
insert into Provision (wcode, pnumber, snumber, rdate) values (72, 'HV0196701', 23, '28-Feb-2019');
insert into Provision (wcode, pnumber, snumber, rdate) values (89, 'DS2456314', 1, '28-Feb-2019');
insert into Provision (wcode, pnumber, snumber, rdate) values (93, 'DS2456314', 64, '28-Feb-2019');
insert into Provision (wcode, pnumber, snumber, rdate) values (71, 'DS2456314', 62, '18-Mar-2018');
insert into Provision (wcode, pnumber, snumber, rdate) values (20, 'KX3728176', 31, '18-Mar-2018');
insert into Provision (wcode, pnumber, snumber, rdate) values (11, 'KX3728176', 41, '18-Mar-2018');
insert into Provision (wcode, pnumber, snumber, rdate) values (12, 'KX3728176', 47, '18-Mar-2018');
insert into Provision (wcode, pnumber, snumber, rdate) values (35, 'KX3728176', 86, '21-Mar-2018');
insert into Provision (wcode, pnumber, snumber, rdate) values (12, 'KP4881346', 95, '21-Mar-2018');
insert into Provision (wcode, pnumber, snumber, rdate) values (75, 'KP4881346', 32, '21-Mar-2018');
insert into Provision (wcode, pnumber, snumber, rdate) values (14, 'KP4881346', 92, '21-Mar-2018');
insert into Provision (wcode, pnumber, snumber, rdate) values (62, 'CQ9123912', 26, '21-Mar-2018');
insert into Provision (wcode, pnumber, snumber, rdate) values (85, 'CQ9123912', 60, '21-Mar-2018');
insert into Provision (wcode, pnumber, snumber, rdate) values (16, 'CQ9123912', 34, '04-Dec-2018');
insert into Provision (wcode, pnumber, snumber, rdate) values (24, 'AR1541812', 36, '04-Dec-2018');
insert into Provision (wcode, pnumber, snumber, rdate) values (61, 'AR1541812', 68, '04-Dec-2018');
insert into Provision (wcode, pnumber, snumber, rdate) values (96, 'AR1541812', 50, '08-Dec-2018');
insert into Provision (wcode, pnumber, snumber, rdate) values (97, 'AR1541812', 61, '08-Jan-2018');
insert into Provision (wcode, pnumber, snumber, rdate) values (100, 'MJ3628057', 95, '08-Jan-2018');
insert into Provision (wcode, pnumber, snumber, rdate) values (40, 'MJ3628057', 63, '08-Jan-2018');
insert into Provision (wcode, pnumber, snumber, rdate) values (19, 'MJ3628057', 42, '08-Jan-2018');
insert into Provision (wcode, pnumber, snumber, rdate) values (16, 'TM6709940', 17, '08-Jan-2018');
insert into Provision (wcode, pnumber, snumber, rdate) values (17, 'TM6709940', 26, '08-Jan-2018');
insert into Provision (wcode, pnumber, snumber, rdate) values (59, 'TM6709940', 7, '08-Jan-2018');
insert into Provision (wcode, pnumber, snumber, rdate) values (8, 'TM6709940', 20, '04-Sep-2019');
insert into Provision (wcode, pnumber, snumber, rdate) values (92, 'SQ6859100', 91, '04-Sep-2019');
insert into Provision (wcode, pnumber, snumber, rdate) values (23, 'SQ6859100', 72, '04-Sep-2019');
insert into Provision (wcode, pnumber, snumber, rdate) values (17, 'SQ6859100', 27, '04-Sep-2019');
insert into Provision (wcode, pnumber, snumber, rdate) values (12, 'SQ6859100', 27, '04-Sep-2019');
insert into Provision (wcode, pnumber, snumber, rdate) values (68, 'XC0993545', 69, '23-Feb-2019');
insert into Provision (wcode, pnumber, snumber, rdate) values (53, 'XC0993545', 74, '23-Feb-2019');
insert into Provision (wcode, pnumber, snumber, rdate) values (29, 'XC0993545', 56, '23-Feb-2019');
insert into Provision (wcode, pnumber, snumber, rdate) values (77, 'XC0993545', 60, '23-Feb-2019');
insert into Provision (wcode, pnumber, snumber, rdate) values (93, 'PQ2037843', 10, '23-Feb-2019');
insert into Provision (wcode, pnumber, snumber, rdate) values (55, 'PQ2037843', 56, '23-Feb-2019');
insert into Provision (wcode, pnumber, snumber, rdate) values (93, 'PQ2037843', 68, '23-Feb-2019');
insert into Provision (wcode, pnumber, snumber, rdate) values (57, 'PQ2037843', 92, '23-Feb-2019');
insert into Provision (wcode, pnumber, snumber, rdate) values (33, 'TU2021067', 79, '23-Feb-2019');
insert into Provision (wcode, pnumber, snumber, rdate) values (68, 'TU2021067', 44, '01-May-2018');
insert into Provision (wcode, pnumber, snumber, rdate) values (22, 'TU2021067', 13, '01-May-2018');
insert into Provision (wcode, pnumber, snumber, rdate) values (79, 'TU2021067', 92, '01-May-2018');
insert into Provision (wcode, pnumber, snumber, rdate) values (63, 'MA2626024', 48, '01-May-2018');
insert into Provision (wcode, pnumber, snumber, rdate) values (40, 'MA2626024', 41, '01-May-2018');
insert into Provision (wcode, pnumber, snumber, rdate) values (68, 'MA2626024', 27, '01-May-2018');
insert into Provision (wcode, pnumber, snumber, rdate) values (26, 'MA2626024', 38, '01-May-2018');
insert into Provision (wcode, pnumber, snumber, rdate) values (5, 'CQ1851328', 71, '01-May-2018');
insert into Provision (wcode, pnumber, snumber, rdate) values (11, 'CQ1851328', 23, '01-May-2018');
insert into Provision (wcode, pnumber, snumber, rdate) values (33, 'CQ1851328', 11, '01-May-2018');
insert into Provision (wcode, pnumber, snumber, rdate) values (10, 'CQ1851328', 90, '01-May-2018');
insert into Provision (wcode, pnumber, snumber, rdate) values (90, 'RG5306063', 92, '01-May-2018');
insert into Provision (wcode, pnumber, snumber, rdate) values (84, 'RG5306063', 49, '01-May-2018');
insert into Provision (wcode, pnumber, snumber, rdate) values (85, 'RG5306063', 44, '01-May-2018');
insert into Provision (wcode, pnumber, snumber, rdate) values (94, 'RG5306063', 87, '01-May-2018');
insert into Provision (wcode, pnumber, snumber, rdate) values (53, 'WT6596972', 100, '01-May-2018');
insert into Provision (wcode, pnumber, snumber, rdate) values (16, 'WT6596972', 68, '01-May-2018');
insert into Provision (wcode, pnumber, snumber, rdate) values (54, 'WT6596972', 53, '01-May-2018');
insert into Provision (wcode, pnumber, snumber, rdate) values (98, 'WT6596972', 55, '01-May-2018');
insert into Provision (wcode, pnumber, snumber, rdate) values (37, 'RS2172742', 47, '01-May-2018');
insert into Provision (wcode, pnumber, snumber, rdate) values (33, 'RS2172742', 10, '01-May-2018');
insert into Provision (wcode, pnumber, snumber, rdate) values (40, 'RS2172742', 21, '31-Oct-2018');
insert into Provision (wcode, pnumber, snumber, rdate) values (45, 'RS2172742', 39, '31-Oct-2018');
insert into Provision (wcode, pnumber, snumber, rdate) values (51, 'PS5414626', 50, '31-Oct-2018');
insert into Provision (wcode, pnumber, snumber, rdate) values (5, 'PS5414626', 31, '31-Oct-2018');
insert into Provision (wcode, pnumber, snumber, rdate) values (56, 'PS5414626', 27, '31-Oct-2019');
insert into Provision (wcode, pnumber, snumber, rdate) values (16, 'PS5414626', 49, '31-Oct-2017');
insert into Provision (wcode, pnumber, snumber, rdate) values (97, 'FV2386194', 59, '31-Oct-2019');
insert into Provision (wcode, pnumber, snumber, rdate) values (58, 'FV2386194', 56, '31-Oct-2019');
insert into Provision (wcode, pnumber, snumber, rdate) values (41, 'FV2386194', 45, '30-Oct-2018');
insert into Provision (wcode, pnumber, snumber, rdate) values (54, 'FV2386194', 39, '04-Jun-2019');
insert into Provision (wcode, pnumber, snumber, rdate) values (60, 'KO7939826', 18, '04-Jun-2019');
insert into Provision (wcode, pnumber, snumber, rdate) values (21, 'KO7939826', 1, '04-Jun-2019');
insert into Provision (wcode, pnumber, snumber, rdate) values (13, 'KO7939826', 14, '04-Jun-2019');
insert into Provision (wcode, pnumber, snumber, rdate) values (22, 'KO7939826', 98, '04-Jun-2019');
insert into Provision (wcode, pnumber, snumber, rdate) values (3, 'KO7939826', 57, '04-Jun-2018');
insert into Provision (wcode, pnumber, snumber, rdate) values (9, 'OD9064455', 59, '06-Jun-2019');
insert into Provision (wcode, pnumber, snumber, rdate) values (5, 'OD9064455', 52, '04-Jun-2017');
insert into Provision (wcode, pnumber, snumber, rdate) values (18, 'OD9064455', 87, '16-Sep-2018');
insert into Provision (wcode, pnumber, snumber, rdate) values (53, 'OD9064455', 96, '16-Sep-2018');
insert into Provision (wcode, pnumber, snumber, rdate) values (36, 'OD9064455', 80, '16-Sep-2018');
insert into Provision (wcode, pnumber, snumber, rdate) values (72, 'AZ6077798', 18, '16-Sep-2018');
insert into Provision (wcode, pnumber, snumber, rdate) values (5, 'AZ6077798', 37, '16-Sep-2018');
insert into Provision (wcode, pnumber, snumber, rdate) values (41, 'AZ6077798', 52, '16-Sep-2018');
insert into Provision (wcode, pnumber, snumber, rdate) values (69, 'AZ6077798', 66, '16-Sep-2018');
insert into Provision (wcode, pnumber, snumber, rdate) values (98, 'JY6119576', 80, '16-Sep-2018');
insert into Provision (wcode, pnumber, snumber, rdate) values (9, 'JY6119576', 6, '10-Sep-2018');
insert into Provision (wcode, pnumber, snumber, rdate) values (35, 'JY6119576', 69, '25-Sep-2018');
insert into Provision (wcode, pnumber, snumber, rdate) values (58, 'JY6119576', 95, '12-Sep-2018');
insert into Provision (wcode, pnumber, snumber, rdate) values (43, 'JY6119576', 24, '21-Sep-2018');

-- output
SELECT * FROM Suppliers;
SELECT * FROM Classification;
SELECT * FROM Clients;
SELECT * FROM Technics;
SELECT * FROM Works;
SELECT * FROM Provision; 
 
-- to save changes
COMMIT